"brand","title","price","url"
"2XU","Short 2XU Light Speed Compression Hombre","67.43","https://fitpoint.ec/short-2xu-light-speed-compression-hombre-ma5331b-2xu-2503.html"
"2XU","Short 2XU Light Speed Compression Hombre","67.43","https://fitpoint.ec/short-2xu-light-speed-compression-hombre-ma5331b-2xu-3050.html"
"2XU","Camiseta 2XU Core Compression Hombre","52.43","https://fitpoint.ec/camiseta-2xu-core-compression-hombre-ma6399a-2xu-1824.html"
"2XU","Camiseta 2XU Core Compression Hombre","52.43","https://fitpoint.ec/camiseta-2xu-core-compression-hombre-ma6399a-2xu-2985.html"
"2XU","Bividi 2XU Core Compression Sleeveless Hombre","48.68","https://fitpoint.ec/bividi-2xu-core-compression-sleeveless-hombre-ma6400a-2xu-1824.html"
"2XU","Camiseta 2XU Motion Cotton Flex Hombre","37.43","https://fitpoint.ec/camiseta-2xu-motion-cotton-flex-hombre-mr7427a-2xu-0005.html"
"2XU","Camiseta 2XU Motion Cotton Flex Hombre","37.43","https://fitpoint.ec/camiseta-2xu-motion-cotton-flex-hombre-mr7427a-2xu-3695.html"
"2XU","Mangas 2XU Flex Compression Unisex","33.68","https://fitpoint.ec/mangas-2xu-flex-compression-unisex-ua4009a-2xu-0133.html"
"2XU","Mangas 2XU Flex Compression Unisex","33.68","https://fitpoint.ec/mangas-2xu-flex-compression-unisex-ua4009a-2xu-0258.html"
"2XU","Medias 2XU Vectr Cushion Hombre","18.68","https://fitpoint.ec/medias-2xu-vectr-cushion-hombre-ua5053e-2xu-2507.html"
"2XU","Medias 2XU Vectr Cushion Hombre","18.68","https://fitpoint.ec/medias-2xu-vectr-cushion-hombre-ua5053e-2xu-3689.html"
"2XU","Medias 2XU Vectr Cushion Hombre","18.68","https://fitpoint.ec/medias-2xu-vectr-cushion-hombre-ua5053e-2xu-3692.html"
"2XU","Medias 2XU Vectr Light Cushion Full Length Compression Unisex","33.68","https://fitpoint.ec/medias-2xu-vectr-light-cushion-full-length-compression-unisex-ua5155e-2xu-2507.html"
"2XU","Medias 2XU Vectr Light Cushion Full Length Compression Unisex","33.68","https://fitpoint.ec/medias-2xu-vectr-light-cushion-full-length-compression-unisex-ua5155e-2xu-3688.html"
"2XU","Cinturon 2XU Nutrition Race Unisex","14.93","https://fitpoint.ec/cinturon-2xu-nutrition-race-unisex-uq3800g-2xu-0005.html"
"2XU","Gorro 2XU Run Unisex","22.43","https://fitpoint.ec/gorro-2xu-run-unisex-uq5685f-2xu-3689.html"
"2XU","Gorro 2XU Run Unisex","18.68","https://fitpoint.ec/gorro-2xu-run-unisex-uq5686f-2xu-0005.html"
"2XU","Gorro 2XU Light Speed Unisex","26.18","https://fitpoint.ec/gorro-2xu-light-speed-unisex-uq6741f-2xu-2504.html"
"2XU","Bolso 2XU Gym Bag Unisex","52.43","https://fitpoint.ec/bolso-2xu-gym-bag-unisex-uq7143g-2xu-0005.html"
"2XU","Cinturon 2XU Run Unisex","26.18","https://fitpoint.ec/cinturon-2xu-run-unisex-uq7270g-2xu-0005.html"
"2XU","Bolso Commute Tote Unisex","78.68","https://fitpoint.ec/bolso-commute-tote-unisex-uq7423g-2xu-3690.html"
"2XU","Short 2XU Core Compression Mujer","59.93","https://fitpoint.ec/short-2xu-core-compression-mujer-wa4176b-2xu-1824.html"
"2XU","Buzo 2XU Core Compression Mujer","59.93","https://fitpoint.ec/buzo-2xu-core-compression-mujer-wa6401a-2xu-1824.html"
"2XU","Leggins Form Stash Hi-Rise Compression Mujer","89.93","https://fitpoint.ec/leggins-form-stash-hi-rise-compression-mujer-wa6874b-2xu-0005.html"
"2XU","Leggins Form Stash Hi-Rise Compression Mujer","89.93","https://fitpoint.ec/leggins-form-stash-hi-rise-compression-mujer-wa6874b-2xu-3340.html"
"2XU","Leggins Form Lineup Hi-Rise Comp Mujer","86.18","https://fitpoint.ec/leggins-form-lineup-hi-rise-comp-mujer-wa7000b-2xu-3687.html"
"2XU","Bra Form Strappy Mujer","48.68","https://fitpoint.ec/bra-form-strappy-mujer-wr7263a-2xu-3686.html"
"2XU","Bra Form Strappy Mujer","48.68","https://fitpoint.ec/bra-form-strappy-mujer-wr7263a-2xu-3687.html"
"2XU","Bra Form Racerback Medium Mujer","48.68","https://fitpoint.ec/bra-form-racerback-medium-mujer-wr7369a-2xu-0005.html"
"2XU","Bra Form Racerback Medium Mujer","48.68","https://fitpoint.ec/bra-form-racerback-medium-mujer-wr7369a-2xu-3340.html"
"2XU","Bra Form Racerback Medium Mujer","48.68","https://fitpoint.ec/bra-form-racerback-medium-mujer-wr7369a-2xu-3685.html"
"2XU","Short Fluid Hi-Rise 5 Inch Mujer","59.93","https://fitpoint.ec/short-fluid-hi-rise-5-inch-mujer-wr7505b-2xu-0005.html"
"2XU","Short Fluid Hi-Rise 5 Inch Mujer","59.93","https://fitpoint.ec/short-fluid-hi-rise-5-inch-mujer-wr7505b-2xu-3686.html"
"Asics","Zapatos Asics Gel-Cumulus 16 Hombre","159.92","https://fitpoint.ec/gel-cumulus-16-white-midnight-1203a733-asi-103.html"
"Asics","Zapatos Asics Gel-Cumulus 16 Hombre","199.90","https://fitpoint.ec/gel-cumulus-16-white-white-1203a733-asi-102.html"
"Asics","Zapatos Asics Gel-Nyc Unisex","174.90","https://fitpoint.ec/gel-nyc-loden-green-graphite-grey-1203a383-asi-303.html"
"Asics","Zapatos Asics Gel-Kayano 32 Mujer","224.90","https://fitpoint.ec/gel-kayano-32-sky-digital-sakura-1012c045-asi-400-02.html"
"Asics","Zapatos Asics Novablast 5 Mujer","147.92","https://fitpoint.ec/novablast-5-sky-digital-sakura-1012b989-asi-400-02.html"
"Asics","Zapatos Asics Gel-Nimbus 28 Mujer","214.90","https://fitpoint.ec/gel-nimbus-28-piedmont-grey-pure-silver-1012b988-asi-020-01.html"
"Asics","Zapatos Asics Gel-Nimbus 28 Mujer","214.90","https://fitpoint.ec/gel-nimbus-28-sky-digital-sakura-1012b987-asi-400-02.html"
"Asics","Zapatos Asics Trabuco 14 Mujer","184.90","https://fitpoint.ec/trabuco-14-black-amethyst-1012b938-asi-001.html"
"Asics","Zapatos Asics Trabuco Max 5 Mujer","204.90","https://fitpoint.ec/trabuco-max-5-amethyst-black-1012b937-asi-500.html"
"Asics","Zapatos Asics Gel-Venture 11 Mujer","91.92","https://fitpoint.ec/gel-venture-11-morganite-pearl-pink-1012b933-asi-700-01.html"
"Asics","Zapatos Asics Gel-Venture 11 Mujer","91.92","https://fitpoint.ec/gel-venture-11-twilight-blue-morganite-1012b933-asi-400-05.html"
"Asics","Zapatos Asics Trabuco Terra 3 Mujer","174.90","https://fitpoint.ec/trabuco-terra-3-mineral-beige-aurora-green-1012b925-asi-250.html"
"Asics","Zapatos Asics Gel-Nimbus 28 Mujer","214.90","https://fitpoint.ec/gel-nimbus-28-pearl-pink-morganite-1012b899-asi-700-02.html"
"Asics","Zapatos Asics Gt-2000 14 Mujer","147.92","https://fitpoint.ec/gt-2000-14-twilight-blue-white-1012b843-asi-402-01.html"
"Asics","Zapatos Asics Gel-Kayano 32 Mujer","224.90","https://fitpoint.ec/gel-kayano-32-white-orange-glow-1012b838-asi-101.html"
"Asics","Zapatos Asics Gel-Kayano 32 Mujer","224.90","https://fitpoint.ec/gel-kayano-32-cloud-grey-seashell-1012b838-asi-021.html"
"Asics","Zapatos Asics Dynablast 5 Mujer","164.90","https://fitpoint.ec/dynablast-5-fawn-oyster-white-1012b776-asi-700.html"
"Asics","Zapatos Asics Novablast 5 Hombre","159.92","https://fitpoint.ec/novablast-5-pearl-pink-morganite-1012b765-asi-700-02.html"
"Asics","Zapatos Asics Novablast 5 Mujer","159.92","https://fitpoint.ec/novablast-5-bluebell-lilac-hint-1012b765-asi-501.html"
"Asics","Zapatos Asics Novablast 5 Mujer","199.90","https://fitpoint.ec/novablast-5-whisper-green-monument-blue-1012b765-asi-301.html"
"Asics","Zapatos Asics Gel-Kayano 32 Hombre","179.92","https://fitpoint.ec/gel-kayano-32-sky-lemon-spark-1011c284-asi-400-03.html"
"Asics","Zapatos Asics Gel-Cumulus 28 Hombre","184.90","https://fitpoint.ec/gel-cumulus-28-sky-sun-peach-1011c223-asi-400-04.html"
"Asics","Zapatos Asics Gel-Nimbus 28 Hombre","214.90","https://fitpoint.ec/gel-nimbus-28-piedmont-grey-pure-silver-1011c222-asi-020-01.html"
"Asics","Zapatos Asics Gel-Nimbus 28 Hombre","214.90","https://fitpoint.ec/gel-nimbus-28-sky-sun-peach-1011c221-asi-400-04.html"
"Asics","Zapatos Asics Novablast 5 Hombre","184.90","https://fitpoint.ec/novablast-5-piedmont-grey-pure-silver-1011c185-asi-020-01.html"
"Asics","Zapatos Asics Trabuco 14 Hombre","184.90","https://fitpoint.ec/trabuco-14-black-clay-canyon-1011c166-asi-001-02.html"
"Asics","Zapatos Asics Trabuco Max 5 Hombre","204.90","https://fitpoint.ec/trabuco-max-5-cobalt-burst-black-1011c164-asi-400.html"
"Asics","Zapatos Asics Gel-Venture 11 Hombre","91.92","https://fitpoint.ec/gel-venture-11-twilight-blue-aurora-green-1011c160-asi-401.html"
"Asics","Zapatos Asics Gel-Venture 11 Hombre","91.92","https://fitpoint.ec/gel-venture-11-black-cool-grey-1011c160-asi-002.html"
"Asics","Zapatos Asics Trabuco Terra 3 Hombre","174.90","https://fitpoint.ec/trabuco-terra-3-light-dust-black-1011c152-asi-020.html"
"Asics","Zapatos Asics Gel-Excite 11 Hombre","99.92","https://fitpoint.ec/gel-excite-11-twilight-blue-light-dust-1011c080-asi-403.html"
"Asics","Zapatos Asics GT-1000 14 Hombre","154.90","https://fitpoint.ec/gt-1000-14-black-citron-1011c077-asi-001-01.html"
"Asics","Zapatos Asics Gt-2000 14 Hombre","147.92","https://fitpoint.ec/gt-2000-14-dark-teal-white-1011c056-asi-404.html"
"Asics","Zapatos Asics Gel-Kayano 32 Hombre","224.90","https://fitpoint.ec/gel-kayano-32-cold-moss-vital-green-1011c052-asi-402.html"
"Asics","Zapatos Asics Gel-Kayano 32 Hombre","224.90","https://fitpoint.ec/gel-kayano-32-white-orange-glow-1011c052-asi-101.html"
"Asics","Zapatos Asics Dynablast 5 Hombre","164.90","https://fitpoint.ec/dynablast-5-black-winter-sea-1011b983-asi-002-01.html"
"Asics","Zapatos Asics Novablast 5 Hombre","184.90","https://fitpoint.ec/novablast-5-cold-moss-light-orange-1011b974-asi-406.html"
"Asics","Zapatos Asics Novablast 5 Hombre","184.90","https://fitpoint.ec/novablast-5-black-cobalt-burst-1011b974-asi-004.html"
"Asics","Zapatos Asics Gel-Venture 10 Hombre","114.90","https://fitpoint.ec/gel-venture-10-black-graphite-grey-1011b967-asi-003.html"
"Asics","Zapatos Asics Skyhand Mujer","115.92","https://fitpoint.ec/zapatos-asics-skyhand-mujer-1203a767-asi-700.html"
"Asics","Zapatos Asics Gel-Nimbus 10.1 Mujer","187.92","https://fitpoint.ec/zapatos-asics-gel-nimbus-10-1-mujer-1203a761-asi-100.html"
"Asics","Zapatos Asics Gel-Cumulus 16 Hombre","159.92","https://fitpoint.ec/zapatos-asics-gel-cumulus-16-hombre-1203a733-asi-101.html"
"Asics","Zapatos Asics Gel-Cumulus 16 Hombre","159.92","https://fitpoint.ec/zapatos-asics-gel-cumulus-16-hombre-1203a733-asi-100.html"
"Asics","Zapatos Asics Gel-1130 Unisex","123.92","https://fitpoint.ec/zapatos-asics-gel-1130-unisex-1203a609-asi-104.html"
"Asics","Zapatos Asics Gel-1130 Unisex","123.92","https://fitpoint.ec/zapatos-asics-gel-1130-unisex-1203a609-asi-021.html"
"Asics","Zapatos Asics Gel-Nimbus Hombre","171.92","https://fitpoint.ec/zapatos-asics-gel-nimbus-10-1-hombre-1203a543-asi-023-01.html"
"Asics","Zapatos Asics Gel-Nyc 2055 Hombre","147.92","https://fitpoint.ec/zapatos-asics-gel-nyc-2055-hombre-1203a542-asi-023.html"
"Asics","Zapatos Asics Gel-Kayano 14 Unisex","163.92","https://fitpoint.ec/zapatos-asics-gel-kayano-14-unisex-1203a537-asi-300.html"
"Asics","Zapatos Asics Skyhand Unisex","115.92","https://fitpoint.ec/zapatos-asics-skyhand-unisex-1203a452-asi-401.html"
"Asics","Zapatos Asics Skyhand Unisex","115.92","https://fitpoint.ec/zapatos-asics-skyhand-unisex-1203a452-asi-251.html"
"Asics","Zapatos Asics Skyhand Unisex","115.92","https://fitpoint.ec/zapatos-asics-skyhand-unisex-1203a452-asi-200.html"
"Asics","Zapatos Asics Skyhand Unisex","115.92","https://fitpoint.ec/zapatos-asics-skyhand-unisex-1203a451-asi-301.html"
"Asics","Zapatos Asics Gel-Rocket 12 Mujer","91.92","https://fitpoint.ec/zapatos-asics-gel-rocket-12-mujer-1072a119-asi-400.html"
"Asics","Zapatos Asics Gel-Rocket 12 Hombre","91.92","https://fitpoint.ec/zapatos-asics-gel-rocket-12-hombre-1071a116-asi-400-01.html"
"Asics","Zapatos Asics Gel-Rocket 12 Hombre","91.92","https://fitpoint.ec/zapatos-asics-gel-rocket-12-hombre-1071a116-asi-001.html"
"Asics","Zapatos Asics Gt-1000 14 Mujer","123.92","https://fitpoint.ec/zapatos-asics-gt-1000-14-mujer-1012b859-asi-400-02.html"
"Asics","Zapatos Asics Gel-Venture 10 Mujer","91.92","https://fitpoint.ec/zapatos-asics-gel-venture-10-mujer-1012b759-asi-003.html"
"Asics","Zapatos Asics Gel-Pulse 16 Mujer","115.92","https://fitpoint.ec/zapatos-asics-gel-pulse-16-mujer-1012b755-asi-021-01.html"
"Asics","Zapatos Asics Gel-Contend 9 Mujer","83.92","https://fitpoint.ec/zapatos-asics-gel-contend-9-mujer-1012b681-asi-005.html"
"Asics","Zapatos Asics Trail Scout 3 Mujer","75.92","https://fitpoint.ec/zapatos-asics-trail-scout-3-mujer-1012b516-asi-404.html"
"Asics","Zapatos Asics Novablast 5 Hombre","159.92","https://fitpoint.ec/zapatos-asics-novablast-5-hombre-1011b974-asi-003.html"
"Asics","Zapatos Asics Gel-Trabuco 13 Hombre","159.92","https://fitpoint.ec/zapatos-asics-gel-trabuco-13-hombre-1011b973-asi-801.html"
"Asics","Zapatos Asics Gel-Trabuco 13 Hombre","159.92","https://fitpoint.ec/zapatos-asics-gel-trabuco-13-hombre-1011b973-asi-002.html"
"Asics","Zapatos Asics Gel-Pulse 16 Hombre","115.92","https://fitpoint.ec/zapatos-asics-gel-pulse-16-hombre-1011b962-asi-402.html"
"Asics","Zapatos Asics Gel-Contend 9 Hombre","83.92","https://fitpoint.ec/zapatos-asics-gel-contend-9-hombre-1011b881-asi-005.html"
"Asics","Zapatos Asics Trail Scout 3 Hombre","75.92","https://fitpoint.ec/zapatos-asics-trail-scout-3-hombre-1011b700-asi-006.html"
"Asics","Zapatos Asics Versablast 4 Mujer","80.43","https://fitpoint.ec/zapatos-asics-versablast-4-mujer-1012b775-asi-500.html"
"Asics","Zapatos Asics Hyper Speed 4 Mujer","80.94","https://fitpoint.ec/zapatos-asics-hyper-speed-4-mujer-1012b677-asi-400-04.html"
"Asics","Zapatos Asics Noosa Tri 16 Mujer","129.43","https://fitpoint.ec/zapatos-asics-noosa-tri-16-mujer-1012b675-asi-701.html"
"Asics","Zapatos Asics Noosa Tri 16 Mujer","129.43","https://fitpoint.ec/zapatos-asics-noosa-tri-16-mujer-1012b675-asi-700.html"
"Asics","Zapatos Asics Versablast 4 Hombre","80.43","https://fitpoint.ec/zapatos-asics-versablast-4-hombre-1011b984-asi-400-03.html"
"Asics","Zapatos Asics Versablast 4 Hombre","80.43","https://fitpoint.ec/zapatos-asics-versablast-4-hombre-1011b984-asi-002-02.html"
"Asics","Zapatos Asics Gel-Sonoma 8 Hombre","87.43","https://fitpoint.ec/zapatos-asics-gel-sonoma-8-hombre-1011b979-asi-400-02.html"
"Asics","Zapatos Asics Novablast 5 Hombre","139.93","https://fitpoint.ec/zapatos-asics-novablast-5-hombre-1011b974-asi-402.html"
"Asics","Zapatos Asics Jolt 5 Hombre","66.43","https://fitpoint.ec/zapatos-asics-jolt-5-hombre-1011b963-asi-100-01.html"
"Asics","Zapatos Asics Jolt 5 Hombre","66.43","https://fitpoint.ec/zapatos-asics-jolt-5-hombre-1011b963-asi-020-01.html"
"Asics","Zapatos Asics Jolt 5 Hombre","66.43","https://fitpoint.ec/zapatos-asics-jolt-5-hombre-1011b963-asi-002-01.html"
"Asics","Zapatos Asics Gel-Cumulus 27 Hombre","129.43","https://fitpoint.ec/zapatos-asics-gel-cumulus-27-hombre-1011b960-asi-400-01.html"
"Asics","Zapatos Asics Gel-Trabuco Terra 2 Hombre","115.43","https://fitpoint.ec/zapatos-asics-gel-trabuco-terra-2-hombre-1011b607-asi-301.html"
"Asics","Zapatos Asics Dynablast 5 Mujer","115.43","https://fitpoint.ec/zapatos-asics-dynablast-5-mujer-1012b776-asi-500.html"
"Asics","Zapatos Asics Dynablast 5 Mujer","98.94","https://fitpoint.ec/zapatos-asics-dynablast-5-mujer-1012b776-asi-100.html"
"Asics","Zapatos Asics Gel-Cumulus 27 Mujer","129.43","https://fitpoint.ec/zapatos-asics-gel-cumulus-27-mujer-1012b772-asi-401.html"
"Asics","Zapatos Asics Gel-Sonoma 8 Mujer","87.43","https://fitpoint.ec/zapatos-asics-gel-sonoma-8-mujer-1012b771-asi-400.html"
"Asics","Zapatos Asics Gel-Nimbus 27 Mujer","150.43","https://fitpoint.ec/zapatos-asics-gel-nimbus-27-mujer-1012b753-asi-400.html"
"Asics","Zapatos Asics Magic Speed 4 Mujer","157.43","https://fitpoint.ec/zapatos-asics-magic-speed-4-mujer-1012b676-asi-101.html"
"Asics","Zapatos Asics Jolt 5 Hombre","66.43","https://fitpoint.ec/zapatos-asics-jolt-5-hombre-1011b963-asi-400.html"
"Asics","Zapatos Asics Gel-Nimbus 27 Hombre","150.43","https://fitpoint.ec/zapatos-asics-gel-nimbus-27-hombre-1011b958-asi-021.html"
"Asics","Zapatos Asics Gel-Contend 9 Hombre","73.43","https://fitpoint.ec/zapatos-asics-gel-contend-9-hombre-1011b881-asi-405.html"
"Asics","Zapatos Asics Magic Speed 4 Hombre","157.43","https://fitpoint.ec/zapatos-asics-magic-speed-4-hombre-1011b875-asi-751.html"
"Asics","Zapatos Asics Gt-1000 13 Hombre","101.43","https://fitpoint.ec/zapatos-asics-gt-1000-13-hombre-1011b858-asi-005.html"
"Asics","Zapatos Asics Court Slide 3 Mujer","47.45","https://fitpoint.ec/zapatos-asics-court-slide-3-mujer-1042a209-103-asi-103.html"
"Asics","Zapatos GEL Dedicate 8 Clay Hombre","74.94","https://fitpoint.ec/zapatos-gel-dedicate-8-clay-hombre-1041a448-401-asi-401.html"
"Asics","Zapatos Magic Speed 4 Mujer","125.94","https://fitpoint.ec/zapatos-magic-speed-4-mujer-1012b676-750-asi-750.html"
"Asics","Zapatos Gt 1000 13 Mujer","86.94","https://fitpoint.ec/zapatos-gt-1000-13-mujer-1012b663-005-asi-005.html"
"Asics","Zapatos Asics Gel Pulse 15 Mujer","72.45","https://fitpoint.ec/zapatos-asics-gel-pulse-15-mujer-1012b593-500-asi-500-01.html"
"Asics","Zapatos Asics Gel Pulse 15 Mujer","72.45","https://fitpoint.ec/zapatos-asics-gel-pulse-15-mujer-1012b593-004-asi-004-02.html"
"Asics","Zapatos Asics Novablast 4 Bold Magenta/Black Mujer","107.94","https://fitpoint.ec/zapatos-asics-novablast-4-bold-magenta-black-mujer-1012b510-500-asi-500.html"
"Asics","Zapatos Asics Jolt 4 Mujer","56.94","https://fitpoint.ec/zapatos-asics-jolt-4-mujer-1012b421-404-asi-404-01.html"
"Asics","Zapatos Asics Jolt 4 Mujer","47.45","https://fitpoint.ec/zapatos-asics-jolt-4-mujer-1012b421-009-asi-009.html"
"Asics","Zapatos Asics Gel Sonoma 7 Mujer","77.94","https://fitpoint.ec/zapatos-asics-gel-sonoma-7-mujer-1012b413-403-asi-403-01.html"
"Asics","Zapatos Asics Patriot 13 Mujer","59.94","https://fitpoint.ec/zapatos-asics-patriot-13-mujer-1012b312-411-asi-411.html"
"Asics","Zapatos Magic Speed 4 Hombre","104.95","https://fitpoint.ec/zapatos-magic-speed-4-hombre-1011b875-750-asi-750.html"
"Asics","Zapatos GEL Kayano 31 Hombre","137.94","https://fitpoint.ec/zapatos-gel-kayano-31-hombre-1011b867-300-asi-300.html"
"Asics","Zapatos Asics Gt 1000 13 Blue Expanse/Feather Grey Hombre","86.94","https://fitpoint.ec/zapatos-asics-gt-1000-13-blue-expanse-feather-grey-hombre-1011b858-400-asi-400.html"
"Asics","Zapatos GEL Pulse 15 Hombre","72.45","https://fitpoint.ec/zapatos-gel-pulse-15-hombre-1011b780-403-asi-403.html"
"Asics","Zapatos Asics Gel Pulse 15 Hombre","72.45","https://fitpoint.ec/zapatos-asics-gel-pulse-15-hombre-1011b780-004-asi-004-01.html"
"Asics","Zapatos Asics Jolt 4 Hombre","47.45","https://fitpoint.ec/zapatos-asics-jolt-4-hombre-1011b603-409-asi-409.html"
"Asics","Zapatos Asics Jolt 4 Hombre","59.94","https://fitpoint.ec/zapatos-asics-jolt-4-hombre-1011b603-002-asi-002.html"
"Asics","Zapatos Asics Gel Sonoma 7 Hombre","77.94","https://fitpoint.ec/zapatos-asics-gel-sonoma-7-hombre-1011b595-004-asi-004.html"
"Asics","Zapatos Asics Patriot 13 Hombre","49.95","https://fitpoint.ec/zapatos-asics-patriot-13-hombre-1011b485-410-asi-410.html"
"Asics","Zapatos Asics Patriot 13 Hombre","49.95","https://fitpoint.ec/zapatos-asics-patriot-13-hombre-1011b485-010-asi-010.html"
"Asics","Zapatos Asics Japan S","62.45","https://fitpoint.ec/zapatos-asics-japan-s-1203a289-103-asi-103.html"
"Asics","Zapatos Tiger Runner II Hombre","59.95","https://fitpoint.ec/zapatos-tiger-runner-ii-hombre-1203a273-100-asi-092.html"
"Asics","Zapatos Asics Gel-Takumi Hombre","51.96","https://fitpoint.ec/zapatos-asics-gel-takumi-hombre-1201a508-203-asi-198.html"
"Asics","Zapatos Asics Gel Sparta 2 Mujer","79.95","https://fitpoint.ec/zapatos-asics-gel-sparta-2-mujer-1012b621-001-asi-001-01.html"
"Asics","Zapatos Asics Jolt 4","49.95","https://fitpoint.ec/zapatos-asics-jolt-4-1012b421-006-asi-006.html"
"Asics","Zapatos Asics Versablast 2 Mujer","33.22","https://fitpoint.ec/zapatos-asics-versablast-2-mujer-1012b365-003-asi-216.html"
"Asics","Zapatos Asics Gel Sparta 2 Hombre","79.95","https://fitpoint.ec/zapatos-asics-gel-sparta-2-hombre-1011b815-401-asi-401.html"
"Asics","Zapatos Asics Gel Pulse 15 Hombre","86.94","https://fitpoint.ec/zapatos-asics-gel-pulse-15-hombre-1011b780-600-asi-600-01.html"
"Asics","Zapatos Asics Gel Pulse 15 Hombre","86.94","https://fitpoint.ec/zapatos-asics-gel-pulse-15-hombre-1011b780-401-asi-401-05.html"
"Asics","Zapatos Asics Trail Scout 3 Hombre","52.45","https://fitpoint.ec/zapatos-asics-trail-scout-3-hombre-1011b700-401-asi-401-04.html"
"Asics","Zapato Asics Jolt 4 Hombre","49.95","https://fitpoint.ec/zapato-asics-jolt-4-hombre-1011b603-404-asi-404.html"
"Asics","Zapatos Asics Patriot 13 Hombre","49.95","https://fitpoint.ec/zapatos-asics-patriot-13-hombre-1011b485-408-asi-408.html"
"Asics","Zapatos Gel Contend 8 Mujer","54.95","https://fitpoint.ec/zapatos-gel-contend-8-mujer-1012b320-412-asi-412.html"
"Asics","Zapatos Asics Gt-2000 12 French Blue/Foggy Teal Hombre","75.96","https://fitpoint.ec/zapatos-asics-gt-2000-12-french-blue-foggy-teal-hombre-1011b691-401-asi-401-02.html"
"Asics","Zapatos Asics GEL-Excite 10 Black/Bright Yellow Hombre","83.94","https://fitpoint.ec/zapatos-asics-gel-excite-10-black-bright-yellow-hombre-1011b600-008-asi-008.html"
"Asics","Zapatos Gel Contend 8 Hombre","54.95","https://fitpoint.ec/zapatos-gel-contend-8-hombre-1011b492-012-asi-009.html"
"Asics","Zapatos Asics Patriot 13 Black/Electric Lime Hombre","49.95","https://fitpoint.ec/zapatos-asics-patriot-13-black-electric-lime-hombre-1011b485-009-asi-009.html"
"Asics","Camiseta Asics Road SS Top Soft Berry Mujer","27.45","https://fitpoint.ec/camiseta-asics-road-ss-top-soft-berry-mujer-2012c969-500-asi-500-01.html"
"Asics","Camiseta Asics Road SS Top Performance Black Mujer","27.45","https://fitpoint.ec/camiseta-asics-road-ss-top-performance-black-mujer-2012c969-001-asi-235.html"
"Asics","Camiseta Asics Fujitrail Logo SS Top Gris Blue Mujer","17.45","https://fitpoint.ec/camiseta-asics-fujitrail-logo-ss-top-gris-blue-mujer-2012c395-401-asi-401-01.html"
"Asics","Camiseta Asics Fujitrail Logo SS Top Black Mujer","17.45","https://fitpoint.ec/camiseta-asics-fujitrail-logo-ss-top-black-mujer-2012c395-002-asi-237.html"
"Asics","Buzo Asics Silver Jacket Performance Black Mujer","29.95","https://fitpoint.ec/buzo-asics-silver-jacket-performance-black-mujer-2012b896-001-asi-235.html"
"Asics","Short Asics Silver 4In Short Blue Expanse Mujer","17.45","https://fitpoint.ec/short-asics-silver-4in-short-blue-expanse-mujer-2012b890-402-asi-402-03.html"
"Asics","Short Asics Road 2 N 1 5IN Short Denim Blue/Denim Blue Hombre","29.95","https://fitpoint.ec/short-asics-road-2-n-1-5in-short-denim-blue-denim-blue-hombre-2011c388-401-asi-401-03.html"
"Asics","Short Asics Road 2 N 1 5IN Short Performance Black Hombre","29.95","https://fitpoint.ec/short-asics-road-2-n-1-5in-short-performance-black-hombre-2011c388-002-asi-235.html"
"Asics","Camiseta Asics Fujitrail Logo SS Top Neon Lime/Br.Orange/Performance Black Hombre","17.45","https://fitpoint.ec/camiseta-asics-fujitrail-logo-ss-top-neon-lime-br-orange-performance-black-hombre-2011c381-301-asi-301-01.html"
"Asics","Zapatos Asics Tiger Runner ll Black Hombre","41.96","https://fitpoint.ec/zapatos-asics-tiger-runner-ll-black-hombre-1201a792-001-asi-201.html"
"Asics","Zapatos Asics Japan PF White/Salmon Mujer","47.96","https://fitpoint.ec/zapatos-asics-japan-pf-white-salmon-mujer-1202a406-105-asi-233.html"
"Asics","Zapatos Asics Japan PF White/Peacoat Mujer","45.96","https://fitpoint.ec/zapatos-asics-japan-pf-white-peacoat-mujer-1202a024-108-asi-226.html"
"Asics","Zapatos Asics GEL-Takumi Dive Blue/Soft Sky Mujer","40.22","https://fitpoint.ec/zapatos-asics-gel-takumi-dive-blue-soft-sky-mujer-1202a314-021-asi-134.html"
"Asics","Zapatos Asics GEL-Takumi Brilliant White/Mist Mujer","41.96","https://fitpoint.ec/zapatos-asics-gel-takumi-brilliant-white-mist-mujer-1202a314-101-asi-133.html"
"Asics","Zapatos Asics Tiger Runner White/Rose Gold Mujer","35.96","https://fitpoint.ec/zapatos-asics-tiger-runner-white-rose-gold-mujer-1202a311-100-asi-031.html"
"Asics","Zapatos Asics Tiger Runner Peacoat/White Mujer","35.96","https://fitpoint.ec/zapatos-asics-tiger-runner-peacoat-white-mujer-1202a174-401-asi-090.html"
"Asics","Zapatos Asics GEL-Kamo Magnetic Blue/White Hombre","42.45","https://fitpoint.ec/zapatos-asics-gel-kamo-magnetic-blue-white-hombre-1021a427-402-asi-093.html"
"Asics","Zapatos Asics GEL-Electrus Black/White Hombre","41.96","https://fitpoint.ec/zapatos-asics-gel-electrus-black-white-hombre-1011b651-002-asi-020.html"
"Asics","Zapatos Asics GEL-Nagoya 4 Black/Pure Silver Hombre","41.96","https://fitpoint.ec/zapatos-asics-gel-nagoya-4-black-pure-silver-hombre-1011b528-002-asi-022.html"
"Asics","Zapatos Asics Streetwise Hombre","25.96","https://fitpoint.ec/zapatos-asics-streetwise-hombre-1201a280-403-asi-084.html"
"Asics","Zapatos Asics Streetwise Metropolis Hombre","25.96","https://fitpoint.ec/zapatos-asics-streetwise-metropolis-hombre-1201a280-025-asi-094.html"
"Asics","Zapatos Asics Japan S Pf White/Lilac Hint Mujer","47.96","https://fitpoint.ec/zapatos-asics-japan-s-pf-white-lilac-hint-mujer-1202a406-106-asi-230.html"
"Asics","Zapatos Asics Tiger Runner II White/Birch Mujer","42.00","https://fitpoint.ec/zapatos-asics-tiger-runner-ii-white-birch-mujer-1202a400-101-asi-232.html"
"Asics","Zapatos Asics Japan S Pf White/Vanilla Mujer","41.96","https://fitpoint.ec/zapatos-asics-japan-s-pf-white-vanilla-mujer-1202a361-101-asi-027.html"
"Asics","Zapatos Asics Japan S Pf White/Lilac Hint Mujer","46.00","https://fitpoint.ec/zapatos-asics-japan-s-pf-white-lilac-hint-mujer-1202a360-108-asi-230.html"
"Asics","Zapatos Asics Streetwise Steel Grey/Sun Coral Mujer","28.00","https://fitpoint.ec/zapatos-asics-streetwise-steel-grey-sun-coral-mujer-1202a183-102-asi-227.html"
"Asics","Zapatos Asics Streetwise Black/Pure Silver Mujer","27.97","https://fitpoint.ec/zapatos-asics-streetwise-black-pure-silver-mujer-1202a183-005-asi-022.html"
"Asics","Zapatos Asics GEL-Kamo 2 Magnetic Blue/Brilliant White Hombre","37.96","https://fitpoint.ec/zapatos-asics-gel-kamo-2-magnetic-blue-brilliant-white-hombre-1201a839-400-asi-140.html"
"Champion","Short Champion Graphic Everyday Hombre","13.96","https://fitpoint.ec/short-champion-graphic-everyday-hombre-g856h-g61-ch-004.html"
"Champion","Jogger Champion Powerblend Graphic Hombre","25.96","https://fitpoint.ec/jogger-champion-powerblend-graphic-hombre-gf22h-0oc-ch-004.html"
"Champion","Jogger Champion Powerblend Graphic Hombre","25.96","https://fitpoint.ec/jogger-champion-powerblend-graphic-hombre-gf22h-1ic-ch-003.html"
"Champion","Jogger Champion Powerblend Graphic Hombre","25.96","https://fitpoint.ec/jogger-champion-powerblend-graphic-hombre-gf22h-5ec-ch-007.html"
"Champion","Jogger Champion Powerblend Graphic Hombre","25.96","https://fitpoint.ec/jogger-champion-powerblend-graphic-hombre-gf22h-bkc-ch-001.html"
"Champion","Jogger Champion Powerblend Graphic Hombre","25.96","https://fitpoint.ec/jogger-champion-powerblend-graphic-hombre-gf22h-nyc-ch-002.html"
"Champion","Buzo Champion Powerblend Graphic Hombre","25.96","https://fitpoint.ec/buzo-champion-powerblend-graphic-hombre-gf88h-5ec-ch-007.html"
"Champion","Jogger Champion Graphic Everyday Hombre","21.96","https://fitpoint.ec/jogger-champion-graphic-everyday-hombre-gp08h-003-ch-001.html"
"Champion","Jogger Champion Graphic Everyday Hombre","21.96","https://fitpoint.ec/jogger-champion-graphic-everyday-hombre-gp08h-031-ch-002.html"
"Champion","Jogger Champion Graphic Everyday Hombre","21.96","https://fitpoint.ec/jogger-champion-graphic-everyday-hombre-gp08h-806-ch-003.html"
"Champion","Jogger Champion Graphic Everyday Hombre","21.96","https://fitpoint.ec/jogger-champion-graphic-everyday-hombre-gp08h-g61-ch-004.html"
"Champion","Camiseta Champion Graphic Tee Hombre","13.96","https://fitpoint.ec/camiseta-champion-graphic-tee-hombre-gt23h-003-ch-001.html"
"Champion","Camiseta Champion Graphic Tee Hombre","13.96","https://fitpoint.ec/camiseta-champion-graphic-tee-hombre-gt23h-029-ch-012.html"
"Champion","Camiseta Champion Graphic Tee Hombre","13.96","https://fitpoint.ec/camiseta-champion-graphic-tee-hombre-gt23h-031-ch-002.html"
"Champion","Camiseta Champion Graphic Tee Hombre","13.96","https://fitpoint.ec/camiseta-champion-graphic-tee-hombre-gt23h-806-ch-003.html"
"Champion","Camiseta Champion Graphic Tee Hombre","13.96","https://fitpoint.ec/camiseta-champion-graphic-tee-hombre-gt23h-g61-ch-004.html"
"Champion","Camiseta Champion Graphic Tee Hombre","13.96","https://fitpoint.ec/camiseta-champion-graphic-tee-hombre-gt23h-gux-ch-007.html"
"Champion","Short Champion Graphic Everyday Hombre","13.96","https://fitpoint.ec/short-champion-graphic-everyday-hombre-g856h-003-ch-001.html"
"Champion","Buzo Champion Powerblend Graphic Crew Hombre","24.47","https://fitpoint.ec/buzo-champion-powerblend-graphic-crew-hombre-gf88h-y08160-5.html"
"Champion","Pantalon Champion Oversize Hombre","27.96","https://fitpoint.ec/pantalon-champion-oversize-hombre-p2930-5864qb-1.html"
"Champion","Pantalon Champion Oversize Hombre","27.96","https://fitpoint.ec/pantalon-champion-oversize-hombre-p2930-5864qb-2.html"
"Champion","Short Champion Powerblend Fleece Hombre","17.96","https://fitpoint.ec/short-champion-powerblend-fleece-hombre-84738-549314-1.html"
"Champion","Short Champion Powerblend Fleece Hombre","17.96","https://fitpoint.ec/short-champion-powerblend-fleece-hombre-84738-549314-2.html"
"Champion","Short Champion Powerblend Fleece Hombre","17.96","https://fitpoint.ec/short-champion-powerblend-fleece-hombre-84738-549314-3.html"
"Champion","Short Champion Powerblend Fleece Hombre","17.96","https://fitpoint.ec/short-champion-powerblend-fleece-hombre-84738-549314-4.html"
"Champion","Short Champion Powerblend Fleece Hombre","17.96","https://fitpoint.ec/short-champion-powerblend-fleece-hombre-84738-549314-5.html"
"Champion","Short Champion Attack Hombre","25.96","https://fitpoint.ec/short-champion-attack-hombre-896542-407q88-1.html"
"Champion","Short Champion Attack Hombre","25.96","https://fitpoint.ec/short-champion-attack-hombre-896542-407q88-2.html"
"Champion","Hoodie Champion Powerblend Relaxed Mujer","25.96","https://fitpoint.ec/hoodie-champion-powerblend-relaxed-mujer-gf536-586axc-1.html"
"Champion","Hoodie Champion Powerblend Relaxed Mujer","27.96","https://fitpoint.ec/hoodie-champion-powerblend-relaxed-mujer-gf536-586pmb-4.html"
"Champion","Hoodie Champion Powerblend Relaxed Mujer","27.96","https://fitpoint.ec/hoodie-champion-powerblend-relaxed-mujer-gf536-586pmb-7.html"
"Champion","Hoodie Champion Powerblend Relaxed Mujer","27.96","https://fitpoint.ec/hoodie-champion-powerblend-relaxed-mujer-gf536-y08113-1.html"
"Champion","Buzo Champion Powerblend Graphic Crew Hombre","24.47","https://fitpoint.ec/buzo-champion-powerblend-graphic-crew-hombre-gf88h-5864cb-1.html"
"Champion","Buzo Champion Powerblend Graphic Crew Hombre","24.47","https://fitpoint.ec/buzo-champion-powerblend-graphic-crew-hombre-gf88h-586a8c-2.html"
"Champion","Buzo Champion Powerblend Graphic Crew Hombre","24.47","https://fitpoint.ec/buzo-champion-powerblend-graphic-crew-hombre-gf88h-586x9b-1.html"
"Champion","Buzo Champion Powerblend Graphic Crew Hombre","24.47","https://fitpoint.ec/buzo-champion-powerblend-graphic-crew-hombre-gf88h-586x9b-3.html"
"Champion","Buzo Champion Powerblend Graphic Crew Hombre","24.47","https://fitpoint.ec/buzo-champion-powerblend-graphic-crew-hombre-gf88h-y06794-1.html"
"Champion","Buzo Champion Powerblend Graphic Crew Hombre","22.72","https://fitpoint.ec/buzo-champion-powerblend-graphic-crew-hombre-gf88h-y06794-2.html"
"Champion","Buzo Champion Powerblend Graphic Crew Hombre","22.72","https://fitpoint.ec/buzo-champion-powerblend-graphic-crew-hombre-gf88h-y06794-4.html"
"Champion","Buzo Champion Powerblend Graphic Crew Hombre","22.72","https://fitpoint.ec/buzo-champion-powerblend-graphic-crew-hombre-gf88h-y06794-5.html"
"Champion","Buzo Champion Powerblend Graphic Crew Hombre","24.47","https://fitpoint.ec/buzo-champion-powerblend-graphic-crew-hombre-gf88h-y07718-1.html"
"Champion","Buzo Champion Powerblend Graphic Crew Hombre","24.47","https://fitpoint.ec/buzo-champion-powerblend-graphic-crew-hombre-gf88h-y08160-1.html"
"Champion","Buzo Champion Powerblend Graphic Crew Hombre","24.47","https://fitpoint.ec/buzo-champion-powerblend-graphic-crew-hombre-gf88h-y08160-2.html"
"Champion","Buzo Champion Powerblend Graphic Crew Hombre","24.47","https://fitpoint.ec/buzo-champion-powerblend-graphic-crew-hombre-gf88h-y08160-3.html"
"Champion","Buzo Champion Powerblend Graphic Crew Hombre","24.47","https://fitpoint.ec/buzo-champion-powerblend-graphic-crew-hombre-gf88h-y08160-4.html"
"Champion","Buzo Champion Powerblend Graphic Crew Hombre","24.47","https://fitpoint.ec/buzo-champion-powerblend-graphic-crew-hombre-gf88h-y08160-6.html"
"Champion","Hoodie Champion Powerblend Graphic Hombre","32.45","https://fitpoint.ec/hoodie-champion-powerblend-graphic-hombre-gf89h-58637b-1.html"
"Champion","Hoodie Champion Powerblend Graphic Hombre","25.96","https://fitpoint.ec/hoodie-champion-powerblend-graphic-hombre-gf89h-58637b-2.html"
"Champion","Hoodie Champion Powerblend Graphic Hombre","32.45","https://fitpoint.ec/hoodie-champion-powerblend-graphic-hombre-gf89h-58638b-1.html"
"Champion","Hoodie Champion Powerblend Graphic Hombre","32.45","https://fitpoint.ec/hoodie-champion-powerblend-graphic-hombre-gf89h-58639b-2.html"
"Champion","Hoodie Champion Powerblend Graphic Hombre","25.96","https://fitpoint.ec/hoodie-champion-powerblend-graphic-hombre-gf89h-58639b-3.html"
"Champion","Hoodie Champion Powerblend Graphic Hombre","25.96","https://fitpoint.ec/hoodie-champion-powerblend-graphic-hombre-gf89h-586yab-4.html"
"Champion","Hoodie Champion Powerblend Graphic Hombre","25.96","https://fitpoint.ec/hoodie-champion-powerblend-graphic-hombre-gf89h-586yab-5.html"
"Champion","Hoodie Champion Powerblend Graphic Hombre","27.96","https://fitpoint.ec/hoodie-champion-powerblend-graphic-hombre-gf89h-y06794-2.html"
"Champion","Hoodie Champion Powerblend Graphic Hombre","25.96","https://fitpoint.ec/hoodie-champion-powerblend-graphic-hombre-gf89h-y06794-3.html"
"Champion","Hoodie Champion Powerblend Graphic Hombre","27.96","https://fitpoint.ec/hoodie-champion-powerblend-graphic-hombre-gf89h-y06794-4.html"
"Champion","Hoodie Champion Powerblend Graphic Hombre","27.96","https://fitpoint.ec/hoodie-champion-powerblend-graphic-hombre-gf89h-y06794-5.html"
"Champion","Hoodie Champion Powerblend Graphic Hombre","27.96","https://fitpoint.ec/hoodie-champion-powerblend-graphic-hombre-gf89h-y06794-6.html"
"Champion","Buzo Champion Powerblend Graphic Crew Hombre","25.96","https://fitpoint.ec/buzo-champion-powerblend-graphic-crew-hombre-gf89h-y08160-1.html"
"Champion","Hoodie Champion Powerblend Graphic Hombre","25.96","https://fitpoint.ec/hoodie-champion-powerblend-graphic-hombre-gf89h-y08160-2.html"
"Champion","Hoodie Champion Powerblend Graphic Hombre","25.96","https://fitpoint.ec/hoodie-champion-powerblend-graphic-hombre-gf89h-y08160-3.html"
"Champion","Hoodie Champion Powerblend Graphic Hombre","25.96","https://fitpoint.ec/hoodie-champion-powerblend-graphic-hombre-gf89h-y08160-4.html"
"Champion","Hoodie Champion Powerblend Graphic Hombre","25.96","https://fitpoint.ec/hoodie-champion-powerblend-graphic-hombre-gf89h-y08160-6.html"
"Champion","Hoodie Champion Powerblend Graphic Hombre","25.96","https://fitpoint.ec/hoodie-champion-powerblend-graphic-hombre-gf89h-y08160-8.html"
"Champion","Camiseta Champion The Classic Mujer","11.96","https://fitpoint.ec/camiseta-champion-the-classic-mujer-gt18h-5865eb-1.html"
"Champion","Camiseta Champion The Classic Tee Mujer","11.96","https://fitpoint.ec/camiseta-champion-the-classic-tee-mujer-gt18h-5865gb-1.html"
"Champion","Camiseta Champion The Classic Tee Mujer","11.96","https://fitpoint.ec/camiseta-champion-the-classic-tee-mujer-gt18h-586a0c-1.html"
"Champion","Camiseta Champion The Classic Tee Mujer","11.96","https://fitpoint.ec/camiseta-champion-the-classic-tee-mujer-gt18h-586azc-1.html"
"Champion","Camiseta Champion The Classic Tee Mujer","11.96","https://fitpoint.ec/camiseta-champion-the-classic-tee-mujer-gt18h-586plb-2.html"
"Champion","Camiseta Champion The Classic Tee Mujer","11.96","https://fitpoint.ec/camiseta-champion-the-classic-tee-mujer-gt18h-586plb-3.html"
"Champion","Camiseta Champion The Classic Tee Mujer","11.96","https://fitpoint.ec/camiseta-champion-the-classic-tee-mujer-gt18h-586plb-4.html"
"Champion","Camiseta Champion The Classic Tee Mujer","11.96","https://fitpoint.ec/camiseta-champion-the-classic-tee-mujer-gt18h-586plb-5.html"
"Champion","Camiseta Champion The Classic Tee Mujer","11.96","https://fitpoint.ec/camiseta-champion-the-classic-tee-mujer-gt18h-586plb-6.html"
"Champion","Camiseta Champion The Classic Tee Mujer","12.22","https://fitpoint.ec/camiseta-champion-the-classic-tee-mujer-gt18h-y08113-1.html"
"Champion","Camiseta Champion The Classic Mujer","11.96","https://fitpoint.ec/camiseta-champion-the-classic-mujer-gt18h-y08113-3.html"
"Champion","Short Champion Sport 4 Mujer","21.96","https://fitpoint.ec/short-champion-sport-4-mujer-m1718-ch-001-1.html"
"Champion","Short Champion Sport 4 Mujer","21.96","https://fitpoint.ec/short-champion-sport-4-mujer-m1718-ch-100-1.html"
"Champion","Short Champion Sport 4 Mujer","21.96","https://fitpoint.ec/short-champion-sport-4-mujer-m1718-ch-25q-1.html"
"Champion","Pantalon Champion Soft Touch Sweats Mujer","27.96","https://fitpoint.ec/pantalon-champion-soft-touch-sweats-mujer-m4802-586644-2.html"
"Champion","Pantalon Champion Soft Touch Sweats Mujer","27.96","https://fitpoint.ec/pantalon-champion-soft-touch-sweats-mujer-m4802-586644-3.html"
"Champion","Short Champion Train Mujer","21.96","https://fitpoint.ec/short-champion-train-mujer-m6634n-5865ub-1.html"
"Champion","Short Champion Train Mujer","21.96","https://fitpoint.ec/short-champion-train-mujer-m6634n-5865ub-2.html"
"Champion","Short Champion Train Mujer","21.96","https://fitpoint.ec/short-champion-train-mujer-m6634n-586g6b-1.html"
"Champion","Short Champion Sport 4 Mujer","15.96","https://fitpoint.ec/short-champion-sport-4-mujer-m7129-ch-001-1.html"
"Champion","Short Champion Mesh Mujer","15.96","https://fitpoint.ec/short-champion-mesh-mujer-m7129-ch-100-1.html"
"Champion","Short Champion Mesh Mujer","15.96","https://fitpoint.ec/short-champion-mesh-mujer-m7129-ch-25q-1.html"
"Champion","Short Champion Mesh Mujer","15.96","https://fitpoint.ec/short-champion-mesh-mujer-m7129-ch-ry7-1.html"
"Champion","Jogger Champion Powerblend Cargo Hombre","27.96","https://fitpoint.ec/jogger-champion-powerblend-cargo-hombre-p59387-549314-1.html"
"Champion","Jogger Champion Powerblend Cargo Hombre","27.96","https://fitpoint.ec/jogger-champion-powerblend-cargo-hombre-p59387-549314-2.html"
"Champion","Camiseta Champion Classic Tee Hombre","9.96","https://fitpoint.ec/camiseta-champion-classic-tee-hombre-t0223-ch-afvu-1.html"
"Champion","Camiseta Champion Classic Tee Hombre","9.96","https://fitpoint.ec/camiseta-champion-classic-tee-hombre-t0223-ch-cdc-1.html"
"Champion","Polo Champion Hombre","27.45","https://fitpoint.ec/polo-champion-hombre-t79189-586dja-2.html"
"Champion","Polo Champion Hombre","27.45","https://fitpoint.ec/polo-champion-hombre-t79189-586dja-3.html"
"Champion","Camiseta Champion Graphic Powerblend Tee Hombre","13.97","https://fitpoint.ec/camiseta-champion-graphic-powerblend-tee-hombre-t8533g-y07718-1.html"
"Champion","Camiseta Champion Graphic Powerblend Tee Hombre","13.96","https://fitpoint.ec/camiseta-champion-graphic-powerblend-tee-hombre-t8533g-y07718-2.html"
"Champion","Camiseta Champion Graphic Powerblend Tee Hombre","13.97","https://fitpoint.ec/camiseta-champion-graphic-powerblend-tee-hombre-t8533g-y07718-3.html"
"Champion","Camiseta Champion Graphic Powerblend Tee Hombre","13.97","https://fitpoint.ec/camiseta-champion-graphic-powerblend-tee-hombre-t8533g-y07718-4.html"
"Champion","Camiseta Champion Classic Vintage Hombre","17.47","https://fitpoint.ec/camiseta-champion-classic-vintage-hombre-t98658-5864kb-1.html"
"Champion","Camiseta Champion Classic Vintage Hombre","17.47","https://fitpoint.ec/camiseta-champion-classic-vintage-hombre-t98658-5864kb-2.html"
"Champion","Camiseta Champion Classic Vintage Hombre","17.47","https://fitpoint.ec/camiseta-champion-classic-vintage-hombre-t98658-5864kb-3.html"
"Champion","Camiseta Champion Classic Vintage Hombre","17.47","https://fitpoint.ec/camiseta-champion-classic-vintage-hombre-t98658-5864lb-1.html"
"Champion","Camiseta Champion Classic Vintage Hombre","17.47","https://fitpoint.ec/camiseta-champion-classic-vintage-hombre-t98658-5864lb-2.html"
"Champion","Camiseta Champion Classic Vintage Hombre","17.47","https://fitpoint.ec/camiseta-champion-classic-vintage-hombre-t98658-5864lb-3.html"
"Champion","Camiseta Champion Classic Loose Fit Mujer","13.96","https://fitpoint.ec/camiseta-champion-classic-loose-fit-mujer-w1042g-5865pb-1.html"
"Champion","Camiseta Champion Classic Loose Fit Mujer","13.96","https://fitpoint.ec/camiseta-champion-classic-loose-fit-mujer-w1042g-5865rb-1.html"
"Champion","Camiseta Champion Classic Loose Fit Mujer","13.96","https://fitpoint.ec/camiseta-champion-classic-loose-fit-mujer-w1042g-5865sb-1.html"
"Champion","Camiseta Champion Classic Loose Fit Mujer","13.96","https://fitpoint.ec/camiseta-champion-classic-loose-fit-mujer-w1042g-586a3c-1.html"
"Champion","Camiseta Champion Classic Loose Fit Tee Mujer","13.96","https://fitpoint.ec/camiseta-champion-classic-loose-fit-tee-mujer-w1042g-586a4c-2.html"
"Champion","Camiseta Champion Classic Loose Fit Mujer","13.96","https://fitpoint.ec/camiseta-champion-classic-loose-fit-mujer-w1042g-586a6c-1.html"
"Champion","Buzo Champion Ribbed Long Sleeve Mujer","21.96","https://fitpoint.ec/buzo-champion-ribbed-long-sleeve-mujer-w3241-5865db-3.html"
"Champion","Camiseta Champion High Neck Ribbed Tank Mujer","13.96","https://fitpoint.ec/camiseta-champion-high-neck-ribbed-tank-mujer-w6693-ch-001-1.html"
"Champion","Camiseta Champion High Neck Ribbed Tank Mujer","13.96","https://fitpoint.ec/camiseta-champion-high-neck-ribbed-tank-mujer-w6693-ch-100-1.html"
"Ecco","Zapatos Ecco Ult/Trn W Taupe Taupe Ust Oil Nubuck Tex Mujer","107.45","https://fitpoint.ec/zapatos-ecco-ult-trn-w-taupe-taupe-ust-oil-nubuck-tex-mujer-82425360418-ec-036.html"
"Ecco","Zapatos Ecco Ult/Trn M Black Cognac Hombre","112.45","https://fitpoint.ec/zapatos-ecco-ult-trn-m-black-cognac-hombre-82425451866-ec-002.html"
"Ecco","Zapatos Ecco Ult/Trn W Taupe Taupe Taupe Mujer","127.45","https://fitpoint.ec/zapatos-ecco-ult-trn-w-taupe-taupe-taupe-mujer-82427360443-ec-036.html"
"Ecco","Zapatos Ecco Ult/Trn M Black Black Black Hombre","127.45","https://fitpoint.ec/zapatos-ecco-ult-trn-m-black-black-black-hombre-82427451094-ec-002.html"
"Ecco","Zapatos Ecco Ult/Trn M Sierra Cognac Black Hombre","127.45","https://fitpoint.ec/zapatos-ecco-ult-trn-m-sierra-cognac-black-hombre-82427460592-ec-035.html"
"Fjallraven","Mochila Kanken Unisex","80.00","https://fitpoint.ec/mochila-kanken-unisex-f23510-fja-031.html"
"Fjallraven","Mochila Kanken Unisex","80.00","https://fitpoint.ec/mochila-kanken-unisex-f23510-fja-221.html"
"Fjallraven","Mochila Kanken Unisex","80.00","https://fitpoint.ec/mochila-kanken-unisex-f23510-fja-243.html"
"Fjallraven","Mochila Kanken Unisex","80.00","https://fitpoint.ec/mochila-kanken-unisex-f23510-fja-326.html"
"Fjallraven","Mochila Kanken Unisex","80.00","https://fitpoint.ec/mochila-kanken-unisex-f23510-fja-457.html"
"Fjallraven","Mochila Kanken Unisex","80.00","https://fitpoint.ec/mochila-kanken-unisex-f23510-fja-501.html"
"Fjallraven","Mochila Kanken Unisex","80.00","https://fitpoint.ec/mochila-kanken-unisex-f23510-fja-550.html"
"Fjallraven","Mochila Kanken Unisex","80.00","https://fitpoint.ec/mochila-kanken-unisex-f23510-fja-560.html"
"Fjallraven","Mochila Kanken Unisex","80.00","https://fitpoint.ec/mochila-kanken-unisex-f23510-fja-576.html"
"Fjallraven","Mochila Kanken Unisex","80.00","https://fitpoint.ec/mochila-kanken-unisex-f23510-fja-600.html"
"Fjallraven","Mochila Kanken Mini Unisex","64.00","https://fitpoint.ec/mochila-kanken-mini-unisex-f23561-fja-031.html"
"Fjallraven","Mochila Kanken Mini Unisex","64.00","https://fitpoint.ec/mochila-kanken-mini-unisex-f23561-fja-160.html"
"Fjallraven","Mochila Kanken Mini Unisex","64.00","https://fitpoint.ec/mochila-kanken-mini-unisex-f23561-fja-221.html"
"Fjallraven","Mochila Kanken Mini Unisex","64.00","https://fitpoint.ec/mochila-kanken-mini-unisex-f23561-fja-243.html"
"Fjallraven","Mochila Kanken Mini Unisex","64.00","https://fitpoint.ec/mochila-kanken-mini-unisex-f23561-fja-326.html"
"Fjallraven","Mochila Kanken Mini Unisex","64.00","https://fitpoint.ec/mochila-kanken-mini-unisex-f23561-fja-501.html"
"Fjallraven","Mochila Kanken Mini Unisex","64.00","https://fitpoint.ec/mochila-kanken-mini-unisex-f23561-fja-540.html"
"Fjallraven","Mochila Kanken Mini Unisex","64.00","https://fitpoint.ec/mochila-kanken-mini-unisex-f23561-fja-560.html"
"Fjallraven","Mochila Kanken Mini Unisex","64.00","https://fitpoint.ec/mochila-kanken-mini-unisex-f23561-fja-664.html"
"Hydro Flask","Termo Hydro Flask 24 Oz Standard Flex Cap Black","26.94","https://fitpoint.ec/termo-hydro-flask-24-oz-standard-flex-cap-black-s24sx-001-hy-003.html"
"Hydro Flask","Termo Hydro Flask 24 Oz Standard Flex Cap Indigo","29.94","https://fitpoint.ec/termo-hydro-flask-24-oz-standard-flex-cap-indigo-s24sx-464-hy-007.html"
"Hydro Flask","Termo Hydro Flask 12 L Carry Out Soft Cooler Baltic","59.43","https://fitpoint.ec/termo-hydro-flask-12-l-carry-out-soft-cooler-baltic-hcs461-hy-461.html"
"Hydro Flask","Termo Hydro Flask 1 Qt Bowl W. Lid Birch","20.94","https://fitpoint.ec/termo-hydro-flask-1-qt-bowl-w-lid-birch-okb1035-hy-035.html"
"Hydro Flask","Termo Hydro Flask 3 Qt Serving Bowl W. Lid Birch","41.94","https://fitpoint.ec/termo-hydro-flask-3-qt-serving-bowl-w-lid-birch-okb3035-hy-035.html"
"Hydro Flask","Termo Hydro Flask 12 Oz Outdoor Tumbler Birch","20.94","https://fitpoint.ec/termo-hydro-flask-12-oz-outdoor-tumbler-birch-okt12035-hy-35.html"
"Hydro Flask","Termo Hydro Flask 5 L Insulated Lunch Bag Raisin","38.43","https://fitpoint.ec/termo-hydro-flask-5-l-insulated-lunch-bag-raisin-sl5638-hy-638.html"
"Hydro Flask","Termo Hydro Flask 28 Oz All Around Tumbler Press-In Lid Dew","23.94","https://fitpoint.ec/termo-hydro-flask-28-oz-all-around-tumbler-press-in-lid-dew-t28cpb441-hy-441.html"
"Hydro Flask","Termo Hydro Flask 12 Oz Wide Flex Sip Lid White","23.94","https://fitpoint.ec/termo-hydro-flask-12-oz-wide-flex-sip-lid-white-w12bcx110-hy-110.html"
"Hydro Flask","Termo Hydro Flask 12 Oz Wide Flex Sip Lid Pacific","23.94","https://fitpoint.ec/termo-hydro-flask-12-oz-wide-flex-sip-lid-pacific-w12bcx415-hy-415.html"
"Hydro Flask","Termo Hydro Flask 12 Oz Kids Wide Mouth Straw Lid And Boot Dew","23.94","https://fitpoint.ec/termo-hydro-flask-12-oz-kids-wide-mouth-straw-lid-and-boot-dew-w12bswbb441-hy-441.html"
"Hydro Flask","Termo Hydro Flask 16 Oz Wide Flex Sip Lid Stone","23.94","https://fitpoint.ec/termo-hydro-flask-16-oz-wide-flex-sip-lid-stone-w16bcx010-hy-010.html"
"Hydro Flask","Base Hydro Flask Medium Bottle Boot","7.92","https://fitpoint.ec/base-hydro-flask-medium-bottle-boot-bbm-hy-001.html"
"Hydro Flask","Termo Hydro Flask 24 OZ Insulated Shaker","31.92","https://fitpoint.ec/termo-hydro-flask-24-oz-insulated-shaker-mxb24-hy-001.html"
"Hydro Flask","Termo Hydro Flask 24 OZ Insulated Shaker","31.92","https://fitpoint.ec/termo-hydro-flask-24-oz-insulated-shaker-mxc24-hy-677.html"
"Hydro Flask","Sorbete Hydro Flask 3-Pack","5.52","https://fitpoint.ec/sorbete-hydro-flask-3-pack-rsp-hy-cle.html"
"Hydro Flask","Termo Hydro Flask 21 OZ Standard Flex Straw","39.92","https://fitpoint.ec/termo-hydro-flask-21-oz-standard-flex-straw-s21cfs-hy-035.html"
"Hydro Flask","Termo Hydro Flask 21 OZ Standard Flex","31.92","https://fitpoint.ec/termo-hydro-flask-21-oz-standard-flex-s21csx-hy-677.html"
"Hydro Flask","Termo Hydro Flask 24 OZ Standard Flex","39.92","https://fitpoint.ec/termo-hydro-flask-24-oz-standard-flex-s24csx-hy-035.html"
"Hydro Flask","Termo Hydro Flask 24 OZ Standard Flex","39.92","https://fitpoint.ec/termo-hydro-flask-24-oz-standard-flex-s24csx-hy-338.html"
"Hydro Flask","Termo Hydro Flask 24 OZ Standard Flex","39.92","https://fitpoint.ec/termo-hydro-flask-24-oz-standard-flex-s24csx-hy-374.html"
"Hydro Flask","Termo Hydro Flask 24 OZ Standard Flex","39.92","https://fitpoint.ec/termo-hydro-flask-24-oz-standard-flex-s24csx-hy-484.html"
"Hydro Flask","Termo Hydro Flask 24 OZ Standard Flex","39.92","https://fitpoint.ec/termo-hydro-flask-24-oz-standard-flex-s24csx-hy-677.html"
"Hydro Flask","Termo Hydro Flask 24 OZ Standard Flex","39.92","https://fitpoint.ec/termo-hydro-flask-24-oz-standard-flex-s24csx-hy-678.html"
"Hydro Flask","Base Hydro Flask Medium Tumbler Boot","7.92","https://fitpoint.ec/base-hydro-flask-medium-tumbler-boot-tbm-hy-001.html"
"Hydro Flask","Base Hydro Flask Medium Tumbler Boot","7.92","https://fitpoint.ec/base-hydro-flask-medium-tumbler-boot-tbm-hy-139.html"
"Hydro Flask","Base Hydro Flask Medium Tumbler Boot","7.92","https://fitpoint.ec/base-hydro-flask-medium-tumbler-boot-tbm-hy-217.html"
"Hydro Flask","Base Hydro Flask Medium Tumbler Boot","7.92","https://fitpoint.ec/base-hydro-flask-medium-tumbler-boot-tbm-hy-526.html"
"Hydro Flask","Base Hydro Flask Medium Tumbler Boot","7.92","https://fitpoint.ec/base-hydro-flask-medium-tumbler-boot-tbm-hy-677.html"
"Hydro Flask","Termo Hydro Flask 40 OZ Travel Tumbler","39.92","https://fitpoint.ec/termo-hydro-flask-40-oz-travel-tumbler-tt40psc-hy-526.html"
"Hydro Flask","Termo Hydro Flask 40 OZ Travel Tumbler","39.92","https://fitpoint.ec/termo-hydro-flask-40-oz-travel-tumbler-tt40psc-hy-677.html"
"Hydro Flask","Termo Hydro Flask 40 OZ Travel Tumbler","39.92","https://fitpoint.ec/termo-hydro-flask-40-oz-travel-tumbler-tt40psc-hy-690.html"
"Hydro Flask","Termo Hydro Flask 24 OZ Wide Flex Straw","39.92","https://fitpoint.ec/termo-hydro-flask-24-oz-wide-flex-straw-w24cfs-hy-338.html"
"Hydro Flask","Termo Hydro Flask 24 OZ Wide Flex Straw","39.92","https://fitpoint.ec/termo-hydro-flask-24-oz-wide-flex-straw-w24cfs-hy-484.html"
"Hydro Flask","Termo Hydro Flask 24 OZ Wide Flex Straw","39.92","https://fitpoint.ec/termo-hydro-flask-24-oz-wide-flex-straw-w24cfs-hy-677.html"
"Hydro Flask","Tapa Hydro Flask Wide Flex Straw","15.92","https://fitpoint.ec/tapa-hydro-flask-wide-flex-straw-wfs-hy-001.html"
"Hydro Flask","Termo Hydro Flask 32 OZ Wide Flex Chug","43.92","https://fitpoint.ec/termo-hydro-flask-32-oz-wide-flex-chug-wt32bfcc-hy-001.html"
"Hydro Flask","Termo Hydro Flask 40 OZ Flex Straw","51.92","https://fitpoint.ec/termo-hydro-flask-40-oz-flex-straw-wt40bfs-hy-001.html"
"Hydro Flask","Termo Hydro Flask 40 OZ Flex Straw","51.92","https://fitpoint.ec/termo-hydro-flask-40-oz-flex-straw-wt40cfs-hy-338.html"
"Hydro Flask","Termo Hydro Flask 40 OZ Flex Straw","51.92","https://fitpoint.ec/termo-hydro-flask-40-oz-flex-straw-wt40cfs-hy-374.html"
"Hydro Flask","Termo Hydro Flask 40 OZ Flex Straw","51.92","https://fitpoint.ec/termo-hydro-flask-40-oz-flex-straw-wt40cfs-hy-526.html"
"Hydro Flask","Termo Hydro Flask 40 OZ Flex Straw","51.92","https://fitpoint.ec/termo-hydro-flask-40-oz-flex-straw-wt40cfs-hy-677.html"
